,date,count
0,2014-09-08,1
1,2014-09-11,1
2,2014-09-12,2
3,2014-09-21,2
4,2014-09-28,1
5,2014-10-01,1
6,2014-10-06,1
7,2014-10-11,1
8,2014-10-16,1
9,2014-10-22,4
10,2014-10-29,1
11,2014-12-11,1
12,2015-01-06,1
13,2015-01-09,1
14,2015-02-13,1
15,2015-02-16,1
16,2015-02-17,1
17,2015-03-02,1
18,2015-03-04,1
19,2015-03-08,1
20,2015-03-10,1
21,2015-03-22,1
22,2015-04-08,1
23,2015-04-24,1
24,2015-05-05,1
25,2015-05-08,1
26,2015-05-25,1
27,2015-06-01,1
28,2015-06-04,1
29,2015-07-31,1
30,2015-08-11,1
31,2015-09-25,1
32,2015-10-01,1
33,2015-10-02,1
34,2015-10-06,1
35,2015-10-29,1
36,2015-12-10,1
37,2015-12-15,1
38,2016-01-15,1
39,2016-02-17,1
40,2016-03-01,1
41,2016-11-13,1
42,2017-03-23,1
43,2017-04-23,1
44,2017-05-19,1
45,2017-09-11,1
46,2017-10-24,2
47,2017-12-28,2
48,2018-01-29,1
49,2018-02-22,1
50,2018-04-03,1
51,2018-04-30,1
52,2018-05-13,3
53,2018-08-25,1
54,2018-09-05,1
55,2018-09-21,1
56,2018-10-30,1
57,2018-11-23,2
58,2018-12-04,1
59,2019-01-14,1
60,2019-01-15,1
61,2019-01-19,1
62,2019-02-23,1
63,2019-02-27,1
64,2019-03-05,1
65,2019-03-09,2
66,2019-03-11,1
67,2019-03-13,1
68,2019-03-14,1
69,2019-03-16,1
70,2019-03-18,1
71,2019-03-23,1
72,2019-03-29,2
73,2019-04-01,1
74,2019-04-05,1
75,2019-04-11,1
76,2019-04-13,2
77,2019-04-15,1
78,2019-04-18,1
79,2019-04-26,1
80,2019-05-04,1
81,2019-05-06,1
82,2019-05-08,1
83,2019-05-14,1
84,2019-05-21,1
85,2019-06-01,1
86,2019-06-14,1
87,2019-06-23,1
88,2019-07-08,1
89,2019-07-16,1
90,2019-07-18,1
91,2019-07-24,1
92,2019-08-02,1
93,2019-08-05,1
94,2019-08-06,1
95,2019-08-11,1
96,2019-08-19,1
97,2019-08-27,1
98,2019-09-02,1
99,2019-09-05,1
100,2019-09-09,1
101,2019-09-24,2
102,2019-09-27,3
103,2019-10-01,1
104,2019-10-02,1
105,2019-10-03,2
106,2019-10-10,1
107,2019-10-11,1
108,2019-10-15,1
109,2019-10-23,1
110,2019-10-28,1
111,2019-10-29,1
112,2019-11-04,1
113,2019-11-13,1
114,2019-11-14,1
115,2019-11-17,1
116,2019-11-27,3
117,2019-12-04,1
118,2019-12-17,1
119,2019-12-22,1
120,2019-12-24,3
121,2019-12-25,1
122,2019-12-30,1
123,2019-12-31,1
124,2020-01-01,1
125,2020-01-06,1
126,2020-01-21,1
127,2020-01-24,1
128,2020-01-25,1
129,2020-01-29,3
130,2020-02-02,1
131,2020-02-03,2
132,2020-02-06,1
133,2020-02-15,1
134,2020-02-18,1
135,2020-02-24,1
136,2020-03-05,3
137,2020-03-11,1
138,2020-03-21,2
139,2020-03-25,2
140,2020-03-30,1
141,2020-04-01,1
142,2020-04-02,1
143,2020-04-10,2
144,2020-04-15,1
145,2020-04-21,1
146,2020-04-22,1
147,2020-04-25,2
148,2020-04-26,1
149,2020-05-01,1
150,2020-05-02,2
151,2020-05-04,2
152,2020-05-05,1
153,2020-05-12,4
154,2020-05-14,2
155,2020-05-16,2
156,2020-05-17,1
157,2020-05-22,2
158,2020-05-30,3
159,2020-05-31,1
160,2020-06-01,2
161,2020-06-02,3
162,2020-06-03,1
163,2020-06-04,1
164,2020-06-05,3
165,2020-06-06,2
166,2020-06-07,6
167,2020-06-09,1
168,2020-06-10,4
169,2020-06-11,5
170,2020-06-12,3
171,2020-06-15,1
172,2020-06-16,2
173,2020-06-17,3
174,2020-06-19,1
175,2020-06-21,2
176,2020-06-22,1
177,2020-06-23,1
178,2020-06-24,1
179,2020-06-25,2
180,2020-06-28,2
181,2020-06-29,1
182,2020-07-01,2
183,2020-07-03,3
184,2020-07-04,1
185,2020-07-06,1
186,2020-07-07,2
187,2020-07-09,3
188,2020-07-10,1
189,2020-07-11,2
190,2020-07-12,1
191,2020-07-13,2
192,2020-07-14,1
193,2020-07-15,3
194,2020-07-17,3
195,2020-07-18,2
196,2020-07-19,1
197,2020-07-20,3
198,2020-07-22,1
199,2020-07-23,3
200,2020-07-24,3
201,2020-07-25,1
202,2020-07-26,4
203,2020-07-27,2
204,2020-07-28,4
205,2020-07-29,4
206,2020-07-30,2
207,2020-07-31,1
208,2020-08-01,4
209,2020-08-02,1
210,2020-08-03,4
211,2020-08-04,4
212,2020-08-06,1
213,2020-08-07,3
214,2020-08-08,2
215,2020-08-09,1
216,2020-08-11,3
217,2020-08-12,2
218,2020-08-13,4
219,2020-08-14,5
220,2020-08-18,2
221,2020-08-19,2
222,2020-08-20,5
223,2020-08-21,4
224,2020-08-22,3
225,2020-08-23,1
226,2020-08-24,1
227,2020-08-25,2
228,2020-08-26,5
229,2020-08-27,4
230,2020-08-28,1
231,2020-08-29,2
232,2020-08-30,1
233,2020-08-31,2
234,2020-09-02,2
235,2020-09-03,1
236,2020-09-04,2
237,2020-09-05,1
238,2020-09-06,2
239,2020-09-07,2
240,2020-09-08,2
241,2020-09-09,1
242,2020-09-12,2
243,2020-09-17,1
244,2020-09-18,1
245,2020-09-19,1
246,2020-09-20,2
247,2020-09-24,2
248,2020-09-27,1
249,2020-09-28,3
250,2020-09-29,1
251,2020-10-01,2
252,2020-10-08,1
253,2020-10-10,1
254,2020-10-11,3
255,2020-10-14,3
256,2020-10-15,2
257,2020-10-16,1
258,2020-10-17,2
259,2020-10-18,2
260,2020-10-20,2
261,2020-10-21,3
262,2020-10-22,1
263,2020-10-23,3
264,2020-10-25,1
265,2020-10-26,2
266,2020-10-27,5
267,2020-10-28,6
268,2020-10-29,2
269,2020-10-30,1
270,2020-10-31,1
271,2020-11-01,2
272,2020-11-02,5
273,2020-11-03,2
274,2020-11-04,3
275,2020-11-05,4
276,2020-11-06,3
277,2020-11-07,4
278,2020-11-08,4
279,2020-11-09,5
280,2020-11-10,3
281,2020-11-11,4
282,2020-11-12,1
283,2020-11-13,3
284,2020-11-14,1
285,2020-11-15,3
286,2020-11-16,2
287,2020-11-17,5
288,2020-11-18,1
289,2020-11-19,3
290,2020-11-20,1
291,2020-11-21,4
292,2020-11-23,3
293,2020-11-24,1
294,2020-11-25,2
295,2020-11-27,4
296,2020-11-29,1
297,2020-11-30,1
298,2020-12-01,4
299,2020-12-02,4
300,2020-12-03,3
301,2020-12-04,1
302,2020-12-05,3
303,2020-12-07,4
304,2020-12-08,2
305,2020-12-09,1
306,2020-12-10,4
307,2020-12-11,2
308,2020-12-12,1
309,2020-12-13,2
310,2020-12-14,3
311,2020-12-16,1
312,2020-12-17,2
313,2020-12-18,3
314,2020-12-21,1
315,2020-12-22,1
316,2020-12-23,3
317,2020-12-24,1
318,2020-12-26,3
319,2020-12-29,2
320,2020-12-31,1
321,2021-01-01,2
322,2021-01-03,1
323,2021-01-04,1
324,2021-01-05,1
325,2021-01-07,1
326,2021-01-08,1
327,2021-01-09,2
328,2021-01-11,1
329,2021-01-13,2
330,2021-01-15,1
331,2021-01-17,2
332,2021-01-18,1
333,2021-01-21,1
334,2021-01-23,1
335,2021-01-24,3
336,2021-01-25,6
337,2021-01-26,4
338,2021-01-27,1
339,2021-01-28,2
340,2021-01-29,4
341,2021-01-31,3
342,2021-02-01,2
343,2021-02-02,1
344,2021-02-04,2
345,2021-02-05,3
346,2021-02-06,1
347,2021-02-07,3
348,2021-02-08,5
349,2021-02-09,4
350,2021-02-12,5
351,2021-02-13,2
352,2021-02-14,2
353,2021-02-16,1
354,2021-02-17,4
355,2021-02-18,2
356,2021-02-19,4
357,2021-02-20,1
358,2021-02-21,2
359,2021-02-22,8
360,2021-02-23,3
361,2021-02-24,4
362,2021-02-25,4
363,2021-02-26,3
364,2021-02-27,1
365,2021-02-28,5
366,2021-03-01,4
367,2021-03-03,1
368,2021-03-04,3
369,2021-03-05,4
370,2021-03-06,6
371,2021-03-07,1
372,2021-03-08,3
373,2021-03-09,4
374,2021-03-10,2
375,2021-03-11,4
376,2021-03-12,2
377,2021-03-13,1
378,2021-03-14,2
379,2021-03-15,2
380,2021-03-16,2
381,2021-03-17,3
382,2021-03-18,3
383,2021-03-19,3
384,2021-03-20,5
385,2021-03-22,4
386,2021-03-23,3
387,2021-03-24,4
388,2021-03-25,4
389,2021-03-26,1
390,2021-03-27,1
391,2021-03-28,3
392,2021-03-29,2
393,2021-03-30,3
394,2021-03-31,3
395,2021-04-02,2
396,2021-04-03,4
397,2021-04-04,1
398,2021-04-05,5
399,2021-04-06,3
400,2021-04-07,1
401,2021-04-08,2
402,2021-04-09,2
403,2021-04-10,6
404,2021-04-11,1
405,2021-04-12,3
406,2021-04-13,6
407,2021-04-14,3
408,2021-04-15,4
409,2021-04-16,5
410,2021-04-17,3
411,2021-04-18,3
412,2021-04-19,7
413,2021-04-20,6
414,2021-04-21,3
415,2021-04-22,3
416,2021-04-23,10
417,2021-04-24,2
418,2021-04-25,2
419,2021-04-26,2
420,2021-04-27,1
421,2021-04-28,2
422,2021-04-29,4
423,2021-04-30,2
424,2021-05-01,1
425,2021-05-02,5
426,2021-05-03,3
427,2021-05-04,2
428,2021-05-05,6
429,2021-05-06,3
430,2021-05-07,2
431,2021-05-08,2
432,2021-05-09,5
433,2021-05-10,2
434,2021-05-11,3
435,2021-05-12,3
436,2021-05-13,2
437,2021-05-14,3
438,2021-05-15,1
439,2021-05-16,2
440,2021-05-17,3
441,2021-05-18,1
442,2021-05-19,4
443,2021-05-20,4
444,2021-05-21,2
445,2021-05-22,3
446,2021-05-24,5
447,2021-05-25,3
448,2021-05-26,1
449,2021-05-27,1
450,2021-05-28,2
451,2021-05-30,2
452,2021-05-31,2
453,2021-06-01,7
454,2021-06-02,2
455,2021-06-03,4
456,2021-06-04,2
457,2021-06-05,3
458,2021-06-06,3
459,2021-06-07,4
460,2021-06-08,2
461,2021-06-09,2
462,2021-06-10,7
463,2021-06-11,2
464,2021-06-12,2
465,2021-06-13,6
466,2021-06-14,3
467,2021-06-16,2
468,2021-06-17,5
469,2021-06-18,1
470,2021-06-19,5
471,2021-06-20,4
472,2021-06-22,5
473,2021-06-23,3
474,2021-06-24,1
475,2021-06-25,4
476,2021-06-26,3
477,2021-06-27,1
478,2021-06-28,2
479,2021-06-29,6
480,2021-06-30,4
481,2021-07-01,4
482,2021-07-02,6
483,2021-07-03,1
484,2021-07-04,5
485,2021-07-05,2
486,2021-07-06,5
487,2021-07-07,6
488,2021-07-08,2
489,2021-07-09,2
490,2021-07-10,2
491,2021-07-11,1
492,2021-07-12,5
493,2021-07-13,5
494,2021-07-14,1
495,2021-07-15,2
496,2021-07-16,7
497,2021-07-18,9
498,2021-07-19,3
499,2021-07-20,2
500,2021-07-21,6
501,2021-07-22,5
502,2021-07-23,9
503,2021-07-24,2
504,2021-07-25,3
505,2021-07-26,1
506,2021-07-27,4
507,2021-07-28,4
508,2021-07-29,8
509,2021-07-30,5
510,2021-07-31,2
511,2021-08-01,1
512,2021-08-02,7
513,2021-08-03,2
514,2021-08-04,4
515,2021-08-05,1
516,2021-08-06,10
517,2021-08-08,3
518,2021-08-09,7
519,2021-08-10,6
520,2021-08-11,6
521,2021-08-12,6
522,2021-08-13,5
523,2021-08-14,4
524,2021-08-15,7
525,2021-08-16,6
526,2021-08-17,9
527,2021-08-18,5
528,2021-08-19,3
529,2021-08-20,6
530,2021-08-21,7
531,2021-08-22,6
532,2021-08-23,10
533,2021-08-24,3
534,2021-08-25,8
535,2021-08-26,5
536,2021-08-27,3
537,2021-08-28,3
538,2021-08-29,1
539,2021-08-30,9
540,2021-08-31,5
541,2021-09-01,4
542,2021-09-02,8
543,2021-09-03,5
544,2021-09-04,1
545,2021-09-05,5
546,2021-09-06,6
547,2021-09-07,2
548,2021-09-08,4
549,2021-09-09,5
550,2021-09-10,5
551,2021-09-11,4
552,2021-09-12,3
553,2021-09-13,11
554,2021-09-14,8
555,2021-09-15,6
556,2021-09-16,4
557,2021-09-17,4
558,2021-09-18,4
559,2021-09-19,4
560,2021-09-20,7
561,2021-09-21,2
562,2021-09-22,1
563,2021-09-23,4
564,2021-09-24,7
565,2021-09-25,5
566,2021-09-26,2
567,2021-09-27,4
568,2021-09-28,7
569,2021-09-29,9
570,2021-09-30,3
571,2021-10-01,6
572,2021-10-02,4
573,2021-10-03,8
574,2021-10-04,8
575,2021-10-05,5
576,2021-10-06,6
577,2021-10-07,7
578,2021-10-08,5
579,2021-10-09,7
580,2021-10-10,1
581,2021-10-11,10
582,2021-10-12,5
583,2021-10-13,5
584,2021-10-14,4
585,2021-10-15,7
586,2021-10-16,2
587,2021-10-17,3
588,2021-10-18,2
589,2021-10-19,6
590,2021-10-20,7
591,2021-10-21,2
592,2021-10-22,5
593,2021-10-23,5
594,2021-10-24,5
595,2021-10-25,10
596,2021-10-26,9
597,2021-10-27,4
598,2021-10-28,7
599,2021-10-29,6
600,2021-10-30,9
601,2021-10-31,3
602,2021-11-01,7
603,2021-11-02,7
604,2021-11-03,5
605,2021-11-04,9
606,2021-11-05,3
607,2021-11-06,11
608,2021-11-07,9
609,2021-11-08,7
610,2021-11-09,7
611,2021-11-10,8
612,2021-11-11,7
613,2021-11-12,7
614,2021-11-13,5
615,2021-11-14,5
616,2021-11-15,6
617,2021-11-16,6
618,2021-11-17,10
619,2021-11-18,6
620,2021-11-19,8
621,2021-11-20,4
622,2021-11-21,2
623,2021-11-22,6
624,2021-11-23,9
625,2021-11-24,4
626,2021-11-25,5
627,2021-11-26,5
628,2021-11-27,2
629,2021-11-28,5
630,2021-11-29,9
631,2021-11-30,6
632,2021-12-01,6
633,2021-12-02,5
634,2021-12-03,4
635,2021-12-05,4
636,2021-12-06,2
637,2021-12-07,7
638,2021-12-08,4
639,2021-12-09,4
640,2021-12-10,10
641,2021-12-11,5
642,2021-12-12,4
643,2021-12-13,8
644,2021-12-14,2
645,2021-12-15,7
646,2021-12-16,5
647,2021-12-17,5
648,2021-12-18,6
649,2021-12-19,4
650,2021-12-20,3
651,2021-12-21,5
652,2021-12-22,5
653,2021-12-23,2
654,2021-12-24,3
655,2021-12-25,1
656,2021-12-27,6
657,2021-12-28,2
658,2021-12-29,3
659,2021-12-30,3
660,2021-12-31,5
661,2022-01-01,2
662,2022-01-02,5
663,2022-01-03,4
664,2022-01-04,3
665,2022-01-05,5
666,2022-01-06,2
667,2022-01-07,3
668,2022-01-08,4
669,2022-01-09,7
670,2022-01-10,7
671,2022-01-11,8
672,2022-01-12,8
673,2022-01-13,7
674,2022-01-14,15
675,2022-01-15,7
676,2022-01-16,4
677,2022-01-17,10
678,2022-01-18,12
679,2022-01-19,3
680,2022-01-20,7
681,2022-01-21,6
682,2022-01-22,6
683,2022-01-23,4
684,2022-01-24,6
685,2022-01-25,12
686,2022-01-26,6
687,2022-01-27,8
688,2022-01-28,16
689,2022-01-29,5
690,2022-01-30,7
691,2022-01-31,9
692,2022-02-01,10
693,2022-02-02,5
694,2022-02-03,6
695,2022-02-04,5
696,2022-02-05,6
697,2022-02-06,6
698,2022-02-07,9
699,2022-02-08,7
700,2022-02-09,13
701,2022-02-10,10
702,2022-02-11,7
703,2022-02-12,10
704,2022-02-13,7
705,2022-02-14,9
706,2022-02-15,8
707,2022-02-16,11
708,2022-02-17,9
709,2022-02-18,10
710,2022-02-19,5
711,2022-02-20,6
712,2022-02-21,16
713,2022-02-22,8
714,2022-02-23,15
715,2022-02-24,7
716,2022-02-25,10
717,2022-02-26,3
718,2022-02-27,4
719,2022-02-28,6
720,2022-03-01,9
721,2022-03-02,10
722,2022-03-03,17
723,2022-03-04,10
724,2022-03-05,10
725,2022-03-06,7
726,2022-03-07,11
727,2022-03-08,10
728,2022-03-09,14
729,2022-03-10,20
730,2022-03-11,12
731,2022-03-12,12
732,2022-03-13,15
733,2022-03-14,7
734,2022-03-15,11
735,2022-03-16,15
736,2022-03-17,15
737,2022-03-18,15
738,2022-03-19,5
739,2022-03-20,6
740,2022-03-21,16
741,2022-03-22,9
742,2022-03-23,14
743,2022-03-24,21
744,2022-03-25,14
745,2022-03-26,5
746,2022-03-27,14
747,2022-03-28,9
748,2022-03-29,21
749,2022-03-30,17
750,2022-03-31,13
751,2022-04-01,12
752,2022-04-02,8
753,2022-04-03,14
754,2022-04-04,15
755,2022-04-05,13
756,2022-04-06,10
757,2022-04-07,12
758,2022-04-08,17
759,2022-04-09,7
760,2022-04-10,6
761,2022-04-11,9
762,2022-04-12,12
763,2022-04-13,16
764,2022-04-14,11
765,2022-04-15,8
766,2022-04-16,18
767,2022-04-17,6
768,2022-04-18,16
769,2022-04-19,16
770,2022-04-20,22
771,2022-04-21,10
772,2022-04-22,17
773,2022-04-23,6
774,2022-04-24,5
775,2022-04-25,19
776,2022-04-26,15
777,2022-04-27,10
778,2022-04-28,8
779,2022-04-29,3
780,2022-04-30,16
781,2022-05-01,12
782,2022-05-02,16
783,2022-05-03,17
784,2022-05-04,11
785,2022-05-05,19
786,2022-05-06,17
787,2022-05-07,8
788,2022-05-08,5
789,2022-05-09,4
790,2022-05-10,14
791,2022-05-11,22
792,2022-05-12,15
793,2022-05-13,15
794,2022-05-14,8
795,2022-05-15,10
796,2022-05-16,14
797,2022-05-17,18
798,2022-05-18,18
799,2022-05-19,24
800,2022-05-20,11
801,2022-05-21,6
802,2022-05-22,11
803,2022-05-23,20
804,2022-05-24,15
805,2022-05-25,16
806,2022-05-26,14
807,2022-05-27,12
808,2022-05-28,4
809,2022-05-29,8
810,2022-05-30,12
811,2022-05-31,14
812,2022-06-01,5
813,2022-06-02,23
814,2022-06-03,14
815,2022-06-04,14
816,2022-06-05,9
817,2022-06-06,17
818,2022-06-07,23
819,2022-06-08,14
820,2022-06-09,17
821,2022-06-10,18
822,2022-06-11,12
823,2022-06-12,10
824,2022-06-13,26
825,2022-06-14,19
826,2022-06-15,21
827,2022-06-16,12
828,2022-06-17,19
829,2022-06-18,23
830,2022-06-19,18
831,2022-06-20,23
832,2022-06-21,23
833,2022-06-22,17
834,2022-06-23,17
835,2022-06-24,15
836,2022-06-25,12
837,2022-06-26,21
838,2022-06-27,21
839,2022-06-28,20
840,2022-06-29,23
841,2022-06-30,21
842,2022-07-01,17
843,2022-07-02,17
844,2022-07-03,20
845,2022-07-04,19
846,2022-07-05,18
847,2022-07-06,29
848,2022-07-07,23
849,2022-07-08,14
850,2022-07-09,9
851,2022-07-10,11
852,2022-07-11,30
853,2022-07-12,23
854,2022-07-13,21
855,2022-07-14,39
856,2022-07-15,22
857,2022-07-16,16
858,2022-07-17,16
859,2022-07-18,22
860,2022-07-19,24
861,2022-07-20,13
862,2022-07-21,27
863,2022-07-22,25
864,2022-07-23,13
865,2022-07-24,18
866,2022-07-25,21
867,2022-07-26,27
868,2022-07-27,15
869,2022-07-28,32
870,2022-07-29,17
871,2022-07-30,12
872,2022-07-31,13
873,2022-08-01,15
874,2022-08-02,28
875,2022-08-03,28
876,2022-08-04,19
877,2022-08-05,14
878,2022-08-06,14
879,2022-08-07,20
880,2022-08-08,17
881,2022-08-09,15
882,2022-08-10,14
883,2022-08-11,22
884,2022-08-12,25
885,2022-08-13,16
886,2022-08-14,17
887,2022-08-15,37
888,2022-08-16,22
889,2022-08-17,30
890,2022-08-18,40
891,2022-08-19,17
892,2022-08-20,22
893,2022-08-21,15
894,2022-08-22,15
895,2022-08-23,18
896,2022-08-24,26
897,2022-08-25,28
898,2022-08-26,22
899,2022-08-27,16
900,2022-08-28,18
901,2022-08-29,19
902,2022-08-30,31
903,2022-08-31,31
904,2022-09-01,22
905,2022-09-02,35
906,2022-09-03,21
907,2022-09-04,25
908,2022-09-05,35
909,2022-09-06,41
910,2022-09-07,29
911,2022-09-08,23
912,2022-09-09,28
913,2022-09-10,19
914,2022-09-11,17
915,2022-09-12,48
916,2022-09-13,47
917,2022-09-14,37
918,2022-09-15,37
919,2022-09-16,34
920,2022-09-17,27
921,2022-09-18,16
922,2022-09-19,34
923,2022-09-20,32
924,2022-09-21,37
925,2022-09-22,38
926,2022-09-23,31
927,2022-09-24,27
928,2022-09-25,22
929,2022-09-26,49
930,2022-09-27,37
931,2022-09-28,39
932,2022-09-29,30
933,2022-09-30,30
934,2022-10-01,14
935,2022-10-02,22
936,2022-10-03,31
937,2022-10-04,31
938,2022-10-05,28
939,2022-10-06,28
940,2022-10-07,32
941,2022-10-08,27
942,2022-10-09,42
943,2022-10-10,36
944,2022-10-11,17
945,2022-10-12,25
946,2022-10-13,30
947,2022-10-14,25
948,2022-10-15,23
949,2022-10-16,23
950,2022-10-17,24
951,2022-10-18,35
952,2022-10-19,34
953,2022-10-20,20
954,2022-10-21,29
955,2022-10-22,28
956,2022-10-23,30
957,2022-10-24,16
958,2022-10-25,27
959,2022-10-26,37
960,2022-10-27,32
961,2022-10-28,30
962,2022-10-29,20
963,2022-10-30,21
964,2022-10-31,19
965,2022-11-01,14
966,2022-11-02,23
967,2022-11-03,32
968,2022-11-04,27
969,2022-11-05,21
970,2022-11-06,30
971,2022-11-07,37
972,2022-11-08,28
973,2022-11-09,40
974,2022-11-10,39
975,2022-11-11,24
976,2022-11-12,16
977,2022-11-13,21
978,2022-11-14,28
979,2022-11-15,34
980,2022-11-16,29
981,2022-11-17,22
982,2022-11-18,24
983,2022-11-19,26
984,2022-11-20,17
985,2022-11-21,24
986,2022-11-22,34
987,2022-11-23,24
988,2022-11-24,27
989,2022-11-25,24
990,2022-11-26,14
991,2022-11-27,32
992,2022-11-28,27
993,2022-11-29,23
994,2022-11-30,25
995,2022-12-01,32
996,2022-12-02,21
997,2022-12-03,25
998,2022-12-04,29
999,2022-12-05,27
1000,2022-12-06,18
1001,2022-12-07,21
1002,2022-12-08,22
1003,2022-12-09,15
1004,2022-12-10,10
1005,2022-12-11,10
1006,2022-12-12,24
1007,2022-12-13,12
1008,2022-12-14,24
1009,2022-12-15,24
1010,2022-12-16,17
1011,2022-12-17,8
1012,2022-12-18,10
1013,2022-12-19,21
1014,2022-12-20,34
1015,2022-12-21,29
1016,2022-12-22,22
1017,2022-12-23,15
1018,2022-12-24,13
1019,2022-12-25,6
1020,2022-12-26,8
1021,2022-12-27,7
1022,2022-12-28,21
1023,2022-12-29,17
1024,2022-12-30,15
1025,2022-12-31,9
1026,2023-01-01,13
1027,2023-01-02,15
1028,2023-01-03,32
1029,2023-01-04,29
1030,2023-01-05,30
1031,2023-01-06,29
1032,2023-01-07,15
1033,2023-01-08,14
1034,2023-01-09,25
1035,2023-01-10,37
1036,2023-01-11,20
1037,2023-01-12,26
1038,2023-01-13,22
1039,2023-01-14,21
1040,2023-01-15,23
1041,2023-01-16,22
1042,2023-01-17,26
1043,2023-01-18,28
1044,2023-01-19,30
1045,2023-01-20,29
1046,2023-01-21,24
1047,2023-01-22,24
1048,2023-01-23,36
1049,2023-01-24,23
1050,2023-01-25,26
1051,2023-01-26,20
1052,2023-01-27,31
1053,2023-01-28,11
1054,2023-01-29,21
1055,2023-01-30,36
1056,2023-01-31,25
1057,2023-02-01,40
1058,2023-02-02,31
1059,2023-02-03,34
1060,2023-02-04,24
1061,2023-02-05,25
1062,2023-02-06,28
1063,2023-02-07,21
1064,2023-02-08,15
1065,2023-02-09,30
1066,2023-02-10,31
1067,2023-02-11,25
1068,2023-02-12,23
1069,2023-02-13,23
1070,2023-02-14,22
1071,2023-02-15,21
1072,2023-02-16,21
1073,2023-02-17,27
1074,2023-02-18,15
1075,2023-02-19,14
1076,2023-02-20,24
1077,2023-02-21,23
1078,2023-02-22,21
1079,2023-02-23,25
1080,2023-02-24,21
1081,2023-02-25,15
1082,2023-02-26,29
1083,2023-02-27,14
1084,2023-02-28,19
1085,2023-03-01,28
1086,2023-03-02,23
1087,2023-03-03,22
1088,2023-03-04,9
1089,2023-03-05,14
1090,2023-03-06,17
1091,2023-03-07,14
1092,2023-03-08,26
1093,2023-03-09,22
1094,2023-03-10,14
1095,2023-03-11,19
1096,2023-03-12,15
1097,2023-03-13,19
1098,2023-03-14,22
1099,2023-03-15,29
1100,2023-03-16,14
1101,2023-03-17,25
1102,2023-03-18,15
1103,2023-03-19,16
1104,2023-03-20,17
1105,2023-03-21,27
1106,2023-03-22,27
1107,2023-03-23,31
1108,2023-03-24,26
1109,2023-03-25,20
1110,2023-03-26,19
1111,2023-03-27,18
1112,2023-03-28,24
1113,2023-03-29,27
1114,2023-03-30,27
1115,2023-03-31,23
1116,2023-04-01,22
1117,2023-04-02,16
1118,2023-04-03,26
1119,2023-04-04,19
1120,2023-04-05,24
1121,2023-04-06,9
1122,2023-04-07,17
1123,2023-04-08,18
1124,2023-04-09,18
1125,2023-04-10,25
1126,2023-04-11,18
1127,2023-04-12,19
1128,2023-04-13,31
1129,2023-04-14,22
1130,2023-04-15,22
1131,2023-04-16,14
1132,2023-04-17,24
1133,2023-04-18,39
1134,2023-04-19,32
1135,2023-04-20,20
1136,2023-04-21,23
1137,2023-04-22,30
1138,2023-04-23,18
1139,2023-04-24,22
1140,2023-04-25,24
1141,2023-04-26,25
1142,2023-04-27,18
1143,2023-04-28,25
1144,2023-04-29,18
1145,2023-04-30,26
1146,2023-05-01,15
1147,2023-05-02,24
1148,2023-05-03,21
1149,2023-05-04,23
1150,2023-05-05,34
1151,2023-05-06,20
1152,2023-05-07,31
1153,2023-05-08,21
1154,2023-05-09,31
1155,2023-05-10,29
1156,2023-05-11,34
1157,2023-05-12,39
1158,2023-05-13,29
1159,2023-05-14,27
1160,2023-05-15,35
1161,2023-05-16,32
1162,2023-05-17,32
1163,2023-05-18,26
1164,2023-05-19,30
1165,2023-05-20,33
1166,2023-05-21,19
1167,2023-05-22,38
1168,2023-05-23,36
1169,2023-05-24,41
1170,2023-05-25,40
1171,2023-05-26,28
1172,2023-05-27,25
1173,2023-05-28,31
1174,2023-05-29,36
1175,2023-05-30,30
1176,2023-05-31,35
1177,2023-06-01,32
1178,2023-06-02,40
1179,2023-06-03,29
1180,2023-06-04,30
1181,2023-06-05,39
1182,2023-06-06,45
1183,2023-06-07,38
1184,2023-06-08,23
1185,2023-06-09,34
1186,2023-06-10,18
1187,2023-06-11,22
1188,2023-06-14,31
1189,2023-06-15,29
1190,2023-06-16,46
1191,2023-06-17,30
1192,2023-06-18,31
1193,2023-06-19,31
1194,2023-06-20,36
1195,2023-06-21,43
1196,2023-06-22,28
1197,2023-06-23,20
1198,2023-06-24,33
1199,2023-06-25,22
1200,2023-06-26,57
1201,2023-06-27,42
1202,2023-06-28,38
1203,2023-06-29,43
1204,2023-06-30,38
1205,2023-07-01,27
1206,2023-07-02,23
1207,2023-07-03,49
1208,2023-07-04,66
1209,2023-07-05,38
1210,2023-07-06,29
1211,2023-07-07,39
1212,2023-07-08,33
1213,2023-07-09,15
1214,2023-07-10,47
1215,2023-07-11,35
1216,2023-07-12,56
1217,2023-07-13,39
1218,2023-07-14,33
1219,2023-07-15,37
1220,2023-07-16,31
1221,2023-07-17,37
1222,2023-07-18,38
1223,2023-07-19,32
1224,2023-07-20,35
1225,2023-07-21,35
1226,2023-07-22,26
1227,2023-07-23,31
1228,2023-07-24,31
1229,2023-07-25,41
1230,2023-07-26,34
1231,2023-07-27,32
1232,2023-07-28,38
1233,2023-07-29,26
1234,2023-07-30,24
1235,2023-07-31,40
1236,2023-08-01,21
1237,2023-08-02,46
1238,2023-08-03,40
1239,2023-08-04,42
1240,2023-08-05,37
1241,2023-08-06,23
1242,2023-08-07,33
1243,2023-08-08,33
1244,2023-08-09,39
1245,2023-08-10,38
1246,2023-08-11,41
1247,2023-08-12,29
1248,2023-08-13,32
1249,2023-08-14,36
1250,2023-08-15,28
1251,2023-08-16,39
1252,2023-08-17,40
1253,2023-08-18,37
1254,2023-08-19,31
1255,2023-08-20,30
1256,2023-08-21,19
1257,2023-08-22,24
1258,2023-08-23,30
1259,2023-08-24,46
1260,2023-08-25,32
1261,2023-08-26,40
1262,2023-08-27,26
1263,2023-08-28,21
1264,2023-08-29,37
1265,2023-08-30,39
1266,2023-08-31,37
1267,2023-09-01,31
1268,2023-09-02,32
1269,2023-09-03,28
1270,2023-09-04,39
1271,2023-09-05,39
1272,2023-09-06,32
1273,2023-09-07,35
1274,2023-09-08,47
1275,2023-09-09,34
1276,2023-09-10,25
1277,2023-09-11,29
1278,2023-09-12,40
1279,2023-09-13,48
1280,2023-09-14,37
1281,2023-09-15,28
1282,2023-09-16,28
1283,2023-09-17,19
1284,2023-09-18,35
1285,2023-09-19,37
1286,2023-09-20,35
1287,2023-09-21,42
1288,2023-09-22,35
1289,2023-09-23,36
1290,2023-09-24,33
1291,2023-09-25,28
1292,2023-09-26,30
1293,2023-09-27,55
1294,2023-09-28,38
1295,2023-09-29,42
1296,2023-09-30,17
1297,2023-10-01,19
1298,2023-10-02,40
1299,2023-10-03,36
1300,2023-10-04,35
1301,2023-10-05,35
1302,2023-10-06,26
1303,2023-10-07,33
1304,2023-10-08,29
1305,2023-10-09,25
1306,2023-10-10,39
1307,2023-10-11,33
1308,2023-10-12,32
1309,2023-10-13,27
1310,2023-10-14,16
1311,2023-10-15,26
1312,2023-10-16,23
1313,2023-10-17,25
1314,2023-10-18,32
1315,2023-10-19,30
1316,2023-10-20,32
1317,2023-10-21,26
1318,2023-10-22,21
1319,2023-10-23,21
1320,2023-10-24,29
1321,2023-10-25,29
1322,2023-10-26,21
1323,2023-10-27,18
1324,2023-10-28,11
1325,2023-10-29,14
1326,2023-10-30,22
1327,2023-10-31,27
1328,2023-11-01,18
1329,2023-11-02,32
1330,2023-11-03,25
1331,2023-11-04,33
1332,2023-11-05,19
1333,2023-11-06,31
1334,2023-11-07,42
1335,2023-11-08,33
1336,2023-11-09,35
1337,2023-11-10,39
1338,2023-11-11,30
1339,2023-11-12,34
1340,2023-11-13,30
1341,2023-11-14,47
1342,2023-11-15,35
1343,2023-11-16,35
1344,2023-11-17,32
1345,2023-11-18,25
1346,2023-11-19,25
1347,2023-11-20,28
1348,2023-11-21,24
1349,2023-11-22,33
1350,2023-11-23,36
1351,2023-11-24,28
1352,2023-11-25,33
1353,2023-11-26,40
1354,2023-11-27,27
1355,2023-11-28,38
1356,2023-11-29,34
1357,2023-11-30,28
1358,2023-12-01,26
1359,2023-12-02,31
1360,2023-12-03,27
1361,2023-12-04,36
1362,2023-12-05,35
1363,2023-12-06,27
1364,2023-12-07,35
1365,2023-12-08,22
1366,2023-12-09,24
1367,2023-12-10,27
1368,2023-12-11,24
1369,2023-12-12,22
1370,2023-12-13,19
1371,2023-12-14,26
1372,2023-12-15,28
1373,2023-12-16,19
1374,2023-12-17,23
1375,2023-12-18,34
1376,2023-12-19,37
1377,2023-12-20,24
1378,2023-12-21,20
1379,2023-12-22,29
1380,2023-12-23,20
1381,2023-12-24,15
1382,2023-12-25,18
1383,2023-12-26,12
1384,2023-12-27,18
1385,2023-12-28,35
1386,2023-12-29,16
1387,2023-12-30,20
1388,2023-12-31,15
1389,2024-01-01,26
1390,2024-01-02,40
1391,2024-01-03,35
1392,2024-01-04,41
1393,2024-01-05,33
1394,2024-01-06,31
1395,2024-01-07,33
1396,2024-01-08,42
1397,2024-01-09,37
1398,2024-01-10,60
1399,2024-01-11,44
1400,2024-01-12,53
1401,2024-01-13,21
1402,2024-01-14,29
1403,2024-01-15,37
1404,2024-01-16,37
1405,2024-01-17,42
1406,2024-01-18,51
1407,2024-01-19,45
1408,2024-01-20,28
1409,2024-01-21,39
1410,2024-01-22,43
1411,2024-01-23,42
1412,2024-01-24,44
1413,2024-01-25,37
1414,2024-01-26,28
1415,2024-01-27,30
1416,2024-01-28,37
1417,2024-01-29,30
1418,2024-01-30,40
1419,2024-01-31,53
1420,2024-02-01,38
1421,2024-02-02,48
1422,2024-02-03,31
1423,2024-02-04,29
1424,2024-02-05,46
1425,2024-02-06,39
1426,2024-02-07,43
1427,2024-02-08,36
1428,2024-02-09,35
1429,2024-02-10,25
1430,2024-02-11,42
1431,2024-02-12,40
1432,2024-02-13,46
1433,2024-02-14,29
1434,2024-02-15,49
1435,2024-02-16,50
1436,2024-02-17,33
1437,2024-02-18,22
1438,2024-02-19,39
1439,2024-02-20,49
1440,2024-02-21,43
1441,2024-02-22,35
1442,2024-02-23,31
1443,2024-02-24,31
1444,2024-02-25,35
1445,2024-02-26,39
1446,2024-02-27,36
1447,2024-02-28,40
1448,2024-02-29,27
1449,2024-03-01,26
1450,2024-03-02,28
1451,2024-03-03,30
1452,2024-03-04,44
1453,2024-03-05,57
1454,2024-03-06,39
1455,2024-03-07,36
1456,2024-03-08,68
1457,2024-03-09,30
1458,2024-03-10,31
1459,2024-03-11,25
1460,2024-03-12,31
1461,2024-03-13,32
1462,2024-03-14,53
1463,2024-03-15,38
1464,2024-03-16,25
1465,2024-03-17,28
1466,2024-03-18,33
1467,2024-03-19,28
1468,2024-03-20,35
1469,2024-03-21,24
1470,2024-03-22,23
1471,2024-03-23,38
1472,2024-03-24,26
1473,2024-03-25,28
1474,2024-03-26,26
1475,2024-03-27,40
1476,2024-03-28,28
1477,2024-03-29,28
1478,2024-03-30,38
1479,2024-03-31,29
1480,2024-04-01,30
1481,2024-04-02,27
1482,2024-04-03,28
1483,2024-04-04,27
1484,2024-04-05,34
1485,2024-04-06,27
1486,2024-04-07,26
1487,2024-04-08,27
1488,2024-04-09,29
1489,2024-04-10,21
1490,2024-04-11,24
1491,2024-04-12,17
1492,2024-04-13,16
1493,2024-04-14,33
1494,2024-04-15,22
1495,2024-04-16,23
1496,2024-04-17,24
1497,2024-04-18,18
1498,2024-04-19,30
1499,2024-04-20,16
1500,2024-04-21,24
1501,2024-04-22,25
1502,2024-04-23,36
1503,2024-04-24,29
1504,2024-04-25,13
1505,2024-04-26,25
1506,2024-04-27,20
1507,2024-04-28,20
1508,2024-04-29,38
1509,2024-04-30,30
1510,2024-05-01,24
1511,2024-05-02,25
1512,2024-05-03,30
1513,2024-05-04,16
1514,2024-05-05,11
1515,2024-05-06,24
1516,2024-05-07,21
1517,2024-05-08,32
1518,2024-05-09,30
1519,2024-05-10,27
1520,2024-05-11,19
1521,2024-05-12,18
1522,2024-05-13,29
1523,2024-05-14,27
1524,2024-05-15,25
1525,2024-05-16,24
1526,2024-05-17,14
1527,2024-05-18,14
1528,2024-05-19,20
1529,2024-05-20,28
1530,2024-05-21,31
1531,2024-05-22,30
1532,2024-05-23,28
1533,2024-05-24,26
1534,2024-05-25,23
1535,2024-05-26,19
1536,2024-05-27,22
1537,2024-05-28,27
1538,2024-05-29,48
1539,2024-05-30,38
1540,2024-05-31,27
1541,2024-06-01,30
1542,2024-06-02,22
1543,2024-06-03,33
1544,2024-06-04,24
1545,2024-06-05,34
1546,2024-06-06,24
1547,2024-06-07,24
1548,2024-06-08,28
1549,2024-06-09,24
1550,2024-06-10,33
1551,2024-06-11,42
1552,2024-06-12,38
1553,2024-06-13,32
1554,2024-06-14,30
1555,2024-06-15,27
1556,2024-06-16,25
1557,2024-06-17,23
1558,2024-06-18,33
1559,2024-06-19,45
1560,2024-06-20,23
1561,2024-06-21,28
1562,2024-06-22,26
1563,2024-06-23,24
1564,2024-06-24,14
1565,2024-06-25,24
1566,2024-06-26,37
1567,2024-06-27,26
1568,2024-06-28,21
1569,2024-06-29,21
1570,2024-06-30,19
1571,2024-07-01,36
1572,2024-07-02,34
1573,2024-07-03,23
1574,2024-07-04,32
1575,2024-07-05,31
1576,2024-07-06,21
1577,2024-07-07,23
1578,2024-07-08,30
1579,2024-07-09,37
1580,2024-07-10,29
1581,2024-07-11,20
1582,2024-07-12,24
1583,2024-07-13,34
1584,2024-07-14,22
1585,2024-07-15,18
1586,2024-07-16,46
1587,2024-07-17,31
1588,2024-07-18,29
1589,2024-07-19,26
1590,2024-07-20,26
1591,2024-07-21,38
1592,2024-07-22,17
1593,2024-07-23,28
1594,2024-07-24,23
1595,2024-07-25,23
1596,2024-07-26,33
1597,2024-07-27,24
1598,2024-07-28,24
1599,2024-07-29,23
1600,2024-07-30,23
1601,2024-07-31,36
1602,2024-08-01,35
1603,2024-08-02,25
1604,2024-08-03,25
1605,2024-08-04,21
1606,2024-08-05,30
1607,2024-08-06,24
1608,2024-08-07,35
1609,2024-08-08,36
1610,2024-08-09,35
1611,2024-08-10,20
1612,2024-08-11,23
1613,2024-08-12,30
1614,2024-08-13,29
1615,2024-08-14,35
1616,2024-08-15,22
1617,2024-08-16,33
1618,2024-08-17,36
1619,2024-08-18,30
1620,2024-08-19,28
1621,2024-08-20,40
1622,2024-08-21,29
1623,2024-08-22,22
1624,2024-08-23,19
1625,2024-08-24,25
1626,2024-08-25,23
1627,2024-08-26,22
1628,2024-08-27,32
1629,2024-08-28,27
1630,2024-08-29,35
1631,2024-08-30,27
1632,2024-08-31,29
1633,2024-09-01,28
1634,2024-09-02,26
1635,2024-09-03,32
1636,2024-09-04,26
1637,2024-09-05,21
1638,2024-09-06,25
1639,2024-09-07,18
1640,2024-09-08,10
1641,2024-09-09,31
1642,2024-09-10,28
1643,2024-09-11,47
1644,2024-09-12,17
1645,2024-09-13,18
1646,2024-09-14,14
1647,2024-09-15,18
1648,2024-09-16,32
1649,2024-09-17,27
1650,2024-09-18,32
1651,2024-09-19,27
1652,2024-09-20,25
1653,2024-09-21,18
1654,2024-09-22,24
1655,2024-09-23,24
1656,2024-09-24,30
1657,2024-09-25,18
1658,2024-09-26,13
1659,2024-09-27,22
1660,2024-09-28,25
1661,2024-09-29,20
1662,2024-09-30,24
1663,2024-10-01,22
1664,2024-10-02,24
1665,2024-10-03,20
1666,2024-10-04,25
1667,2024-10-05,11
1668,2024-10-06,17
1669,2024-10-07,25
1670,2024-10-08,26
1671,2024-10-09,22
1672,2024-10-10,32
1673,2024-10-11,23
1674,2024-10-12,19
1675,2024-10-13,12
1676,2024-10-14,31
1677,2024-10-15,26
1678,2024-10-16,35
1679,2024-10-17,26
1680,2024-10-18,13
1681,2024-10-19,14
1682,2024-10-20,12
1683,2024-10-21,15
1684,2024-10-22,15
1685,2024-10-23,14
1686,2024-10-24,10
1687,2024-10-25,19
1688,2024-10-26,16
1689,2024-10-27,21
1690,2024-10-28,21
1691,2024-10-29,16
1692,2024-10-30,33
1693,2024-10-31,28
1694,2024-11-01,16
1695,2024-11-02,20
1696,2024-11-03,31
1697,2024-11-04,34
1698,2024-11-05,24
1699,2024-11-06,27
1700,2024-11-07,22
1701,2024-11-08,30
1702,2024-11-09,22
1703,2024-11-10,11
1704,2024-11-11,33
1705,2024-11-12,40
1706,2024-11-13,43
1707,2024-11-14,21
1708,2024-11-15,37
1709,2024-11-16,23
1710,2024-11-17,26
1711,2024-11-18,27
1712,2024-11-19,21
1713,2024-11-20,20
1714,2024-11-21,18
1715,2024-11-22,21
1716,2024-11-23,19
1717,2024-11-24,16
1718,2024-11-25,31
1719,2024-11-26,27
1720,2024-11-27,25
1721,2024-11-28,14
1722,2024-11-29,13
1723,2024-11-30,15
1724,2024-12-01,13
1725,2024-12-02,16
1726,2024-12-03,12
1727,2024-12-04,27
1728,2024-12-05,22
1729,2024-12-06,17
1730,2024-12-07,15
1731,2024-12-08,15
1732,2024-12-09,32
1733,2024-12-10,18
1734,2024-12-11,28
1735,2024-12-12,25
1736,2024-12-13,10
1737,2024-12-14,16
1738,2024-12-15,10
1739,2024-12-16,33
1740,2024-12-17,19
1741,2024-12-18,18
1742,2024-12-19,13
1743,2024-12-20,16
1744,2024-12-21,5
1745,2024-12-22,11
1746,2024-12-23,16
1747,2024-12-24,12
1748,2024-12-25,10
1749,2024-12-26,16
1750,2024-12-27,16
1751,2024-12-28,16
1752,2024-12-29,9
1753,2024-12-30,13
1754,2024-12-31,18
