,date,subscriber
0,2014-09-08,0
1,2014-09-11,0
2,2014-09-12,0
3,2014-09-21,0
4,2014-09-28,0
5,2014-10-01,0
6,2014-10-06,0
7,2014-10-11,0
8,2014-10-16,0
9,2014-10-22,0
10,2014-10-29,0
11,2014-12-11,0
12,2015-01-06,0
13,2015-01-09,0
14,2015-02-13,0
15,2015-02-16,0
16,2015-02-17,0
17,2015-03-02,0
18,2015-03-04,0
19,2015-03-08,0
20,2015-03-10,0
21,2015-03-22,0
22,2015-04-08,0
23,2015-04-24,0
24,2015-05-05,0
25,2015-05-08,0
26,2015-05-25,0
27,2015-06-01,0
28,2015-06-04,0
29,2015-07-31,0
30,2015-08-11,0
31,2015-09-25,0
32,2015-10-01,0
33,2015-10-02,0
34,2015-10-06,0
35,2015-10-29,0
36,2015-12-10,0
37,2015-12-15,0
38,2016-01-15,0
39,2016-02-17,0
40,2016-03-01,0
41,2016-11-13,0
42,2017-03-23,0
43,2017-04-23,0
44,2017-05-19,0
45,2017-09-11,0
46,2017-10-24,0
47,2017-12-28,0
48,2018-01-29,0
49,2018-02-22,0
50,2018-04-03,198
51,2018-04-30,198
52,2018-05-13,198
53,2018-08-25,220
54,2018-09-05,233
55,2018-09-21,233
56,2018-10-30,244
57,2018-11-23,273
58,2018-12-04,275
59,2019-01-14,409
60,2019-01-15,409
61,2019-01-19,410
62,2019-02-23,416
63,2019-02-27,416
64,2019-03-05,456
65,2019-03-09,456
66,2019-03-11,456
67,2019-03-13,456
68,2019-03-14,456
69,2019-03-16,456
70,2019-03-18,456
71,2019-03-23,456
72,2019-03-29,456
73,2019-04-01,457
74,2019-04-05,457
75,2019-04-11,457
76,2019-04-13,457
77,2019-04-15,457
78,2019-04-18,458
79,2019-04-26,460
80,2019-05-04,460
81,2019-05-06,460
82,2019-05-08,460
83,2019-05-14,460
84,2019-05-21,460
85,2019-06-01,510
86,2019-06-14,514
87,2019-06-23,517
88,2019-07-08,516
89,2019-07-16,518
90,2019-07-18,518
91,2019-07-24,518
92,2019-08-02,514
93,2019-08-05,515
94,2019-08-06,515
95,2019-08-11,515
96,2019-08-19,516
97,2019-08-27,518
98,2019-09-02,693
99,2019-09-05,693
100,2019-09-09,693
101,2019-09-24,693
102,2019-09-27,693
103,2019-10-01,693
104,2019-10-02,693
105,2019-10-03,693
106,2019-10-10,693
107,2019-10-11,693
108,2019-10-15,693
109,2019-10-23,694
110,2019-10-28,694
111,2019-10-29,697
112,2019-11-04,697
113,2019-11-13,696
114,2019-11-14,696
115,2019-11-17,696
116,2019-11-27,694
117,2019-12-04,693
118,2019-12-17,693
119,2019-12-22,694
120,2019-12-24,694
121,2019-12-25,694
122,2019-12-30,694
123,2019-12-31,695
124,2020-01-01,695
125,2020-01-06,695
126,2020-01-21,696
127,2020-01-24,696
128,2020-01-25,696
129,2020-01-29,696
130,2020-02-02,698
131,2020-02-03,698
132,2020-02-06,699
133,2020-02-15,698
134,2020-02-18,698
135,2020-02-24,698
136,2020-03-05,703
137,2020-03-11,704
138,2020-03-21,705
139,2020-03-25,705
140,2020-03-30,705
141,2020-04-01,706
142,2020-04-02,706
143,2020-04-10,706
144,2020-04-15,707
145,2020-04-21,710
146,2020-04-22,710
147,2020-04-25,710
148,2020-04-26,710
149,2020-05-01,2401
150,2020-05-02,2401
151,2020-05-04,2401
152,2020-05-05,2401
153,2020-05-12,2402
154,2020-05-14,2402
155,2020-05-16,2402
156,2020-05-17,2402
157,2020-05-22,2402
158,2020-05-30,2402
159,2020-05-31,2402
160,2020-06-01,2402
161,2020-06-02,2402
162,2020-06-03,2402
163,2020-06-04,2402
164,2020-06-05,2402
165,2020-06-06,2402
166,2020-06-07,2402
167,2020-06-09,2402
168,2020-06-10,2402
169,2020-06-11,2402
170,2020-06-12,2402
171,2020-06-15,2404
172,2020-06-16,2404
173,2020-06-17,2404
174,2020-06-19,2404
175,2020-06-21,2404
176,2020-06-22,2404
177,2020-06-23,2404
178,2020-06-24,2404
179,2020-06-25,2404
180,2020-06-28,2404
181,2020-06-29,2404
182,2020-07-01,2404
183,2020-07-03,2404
184,2020-07-04,2404
185,2020-07-06,2405
186,2020-07-07,2405
187,2020-07-09,2405
188,2020-07-10,2405
189,2020-07-11,2406
190,2020-07-12,2406
191,2020-07-13,2406
192,2020-07-14,2406
193,2020-07-15,2406
194,2020-07-17,2406
195,2020-07-18,2406
196,2020-07-19,2406
197,2020-07-20,2406
198,2020-07-22,2406
199,2020-07-23,2406
200,2020-07-24,2406
201,2020-07-25,2406
202,2020-07-26,2406
203,2020-07-27,2406
204,2020-07-28,2406
205,2020-07-29,2406
206,2020-07-30,2406
207,2020-07-31,2406
208,2020-08-01,2406
209,2020-08-02,2406
210,2020-08-03,2406
211,2020-08-04,2406
212,2020-08-06,2406
213,2020-08-07,2406
214,2020-08-08,2406
215,2020-08-09,2406
216,2020-08-11,2406
217,2020-08-12,2406
218,2020-08-13,2406
219,2020-08-14,2406
220,2020-08-18,2406
221,2020-08-19,2406
222,2020-08-20,2406
223,2020-08-21,2406
224,2020-08-22,2407
225,2020-08-23,2407
226,2020-08-24,2407
227,2020-08-25,2407
228,2020-08-26,2407
229,2020-08-27,2407
230,2020-08-28,2407
231,2020-08-29,2407
232,2020-08-30,2407
233,2020-08-31,2407
234,2020-09-02,2408
235,2020-09-03,2408
236,2020-09-04,2408
237,2020-09-05,2408
238,2020-09-06,2408
239,2020-09-07,2408
240,2020-09-08,2408
241,2020-09-09,2409
242,2020-09-12,2410
243,2020-09-17,2411
244,2020-09-18,2411
245,2020-09-19,2411
246,2020-09-20,2411
247,2020-09-24,2411
248,2020-09-27,2411
249,2020-09-28,2411
250,2020-09-29,2411
251,2020-10-01,2411
252,2020-10-08,2411
253,2020-10-10,2411
254,2020-10-11,2411
255,2020-10-14,2411
256,2020-10-15,2411
257,2020-10-16,2411
258,2020-10-17,2411
259,2020-10-18,2411
260,2020-10-20,2411
261,2020-10-21,2411
262,2020-10-22,2411
263,2020-10-23,2412
264,2020-10-25,2412
265,2020-10-26,2412
266,2020-10-27,2412
267,2020-10-28,2411
268,2020-10-29,2411
269,2020-10-30,2411
270,2020-10-31,2411
271,2020-11-01,2411
272,2020-11-02,2412
273,2020-11-03,2412
274,2020-11-04,2412
275,2020-11-05,2412
276,2020-11-06,2412
277,2020-11-07,2413
278,2020-11-08,2413
279,2020-11-09,2413
280,2020-11-10,2413
281,2020-11-11,2413
282,2020-11-12,2413
283,2020-11-13,2413
284,2020-11-14,2413
285,2020-11-15,2414
286,2020-11-16,2414
287,2020-11-17,2414
288,2020-11-18,2415
289,2020-11-19,2415
290,2020-11-20,2415
291,2020-11-21,2415
292,2020-11-23,2415
293,2020-11-24,2415
294,2020-11-25,2415
295,2020-11-27,2415
296,2020-11-29,2415
297,2020-11-30,2414
298,2020-12-01,2414
299,2020-12-02,2414
300,2020-12-03,2414
301,2020-12-04,2414
302,2020-12-05,2414
303,2020-12-07,2414
304,2020-12-08,2414
305,2020-12-09,2415
306,2020-12-10,2415
307,2020-12-11,2415
308,2020-12-12,2415
309,2020-12-13,2415
310,2020-12-14,2415
311,2020-12-16,2415
312,2020-12-17,2415
313,2020-12-18,2415
314,2020-12-21,2420
315,2020-12-22,2420
316,2020-12-23,2422
317,2020-12-24,2423
318,2020-12-26,2424
319,2020-12-29,2432
320,2020-12-31,2436
321,2021-01-01,2436
322,2021-01-03,2436
323,2021-01-04,2436
324,2021-01-05,2436
325,2021-01-07,2436
326,2021-01-08,2436
327,2021-01-09,2436
328,2021-01-11,2436
329,2021-01-13,2436
330,2021-01-15,2436
331,2021-01-17,2436
332,2021-01-18,2436
333,2021-01-21,2436
334,2021-01-23,2437
335,2021-01-24,2437
336,2021-01-25,2437
337,2021-01-26,2437
338,2021-01-27,2437
339,2021-01-28,2437
340,2021-01-29,2437
341,2021-01-31,2437
342,2021-02-01,2437
343,2021-02-02,2437
344,2021-02-04,2437
345,2021-02-05,2437
346,2021-02-06,2437
347,2021-02-07,2437
348,2021-02-08,2437
349,2021-02-09,2437
350,2021-02-12,2438
351,2021-02-13,2438
352,2021-02-14,2438
353,2021-02-16,2438
354,2021-02-17,2439
355,2021-02-18,2439
356,2021-02-19,2439
357,2021-02-20,2439
358,2021-02-21,2439
359,2021-02-22,2439
360,2021-02-23,2439
361,2021-02-24,2439
362,2021-02-25,2439
363,2021-02-26,2439
364,2021-02-27,2439
365,2021-02-28,2439
366,2021-03-01,2439
367,2021-03-03,2439
368,2021-03-04,2439
369,2021-03-05,2439
370,2021-03-06,2439
371,2021-03-07,2439
372,2021-03-08,2439
373,2021-03-09,2439
374,2021-03-10,2439
375,2021-03-11,2439
376,2021-03-12,2439
377,2021-03-13,2439
378,2021-03-14,2439
379,2021-03-15,2439
380,2021-03-16,2439
381,2021-03-17,2439
382,2021-03-18,2439
383,2021-03-19,2439
384,2021-03-20,2439
385,2021-03-22,2439
386,2021-03-23,2439
387,2021-03-24,2440
388,2021-03-25,2440
389,2021-03-26,2440
390,2021-03-27,2440
391,2021-03-28,2440
392,2021-03-29,2440
393,2021-03-30,2440
394,2021-03-31,2440
395,2021-04-02,2440
396,2021-04-03,2440
397,2021-04-04,2440
398,2021-04-05,2440
399,2021-04-06,2440
400,2021-04-07,2440
401,2021-04-08,2440
402,2021-04-09,2440
403,2021-04-10,2440
404,2021-04-11,2439
405,2021-04-12,2439
406,2021-04-13,2439
407,2021-04-14,2439
408,2021-04-15,2439
409,2021-04-16,2439
410,2021-04-17,2439
411,2021-04-18,2439
412,2021-04-19,2439
413,2021-04-20,2439
414,2021-04-21,2439
415,2021-04-22,2439
416,2021-04-23,2439
417,2021-04-24,2439
418,2021-04-25,2439
419,2021-04-26,2439
420,2021-04-27,2439
421,2021-04-28,2439
422,2021-04-29,2439
423,2021-04-30,2439
424,2021-05-01,2439
425,2021-05-02,2439
426,2021-05-03,2439
427,2021-05-04,2439
428,2021-05-05,2439
429,2021-05-06,2439
430,2021-05-07,2439
431,2021-05-08,2439
432,2021-05-09,2439
433,2021-05-10,2439
434,2021-05-11,2439
435,2021-05-12,2439
436,2021-05-13,2439
437,2021-05-14,2439
438,2021-05-15,2439
439,2021-05-16,2438
440,2021-05-17,2438
441,2021-05-18,2438
442,2021-05-19,2437
443,2021-05-20,2437
444,2021-05-21,2437
445,2021-05-22,2437
446,2021-05-24,2437
447,2021-05-25,2437
448,2021-05-26,2437
449,2021-05-27,2437
450,2021-05-28,2437
451,2021-05-30,2437
452,2021-05-31,2437
453,2021-06-01,2438
454,2021-06-02,2438
455,2021-06-03,2438
456,2021-06-04,2438
457,2021-06-05,2438
458,2021-06-06,2438
459,2021-06-07,2438
460,2021-06-08,2438
461,2021-06-09,2438
462,2021-06-10,2438
463,2021-06-11,2438
464,2021-06-12,2438
465,2021-06-13,2509
466,2021-06-14,2509
467,2021-06-16,2510
468,2021-06-17,2510
469,2021-06-18,2684
470,2021-06-19,2684
471,2021-06-20,2685
472,2021-06-22,2685
473,2021-06-23,2685
474,2021-06-24,2685
475,2021-06-25,2685
476,2021-06-26,2685
477,2021-06-27,2685
478,2021-06-28,2685
479,2021-06-29,2685
480,2021-06-30,2685
481,2021-07-01,8696
482,2021-07-02,8696
483,2021-07-03,8696
484,2021-07-04,8696
485,2021-07-05,8695
486,2021-07-06,8695
487,2021-07-07,8695
488,2021-07-08,8694
489,2021-07-09,8693
490,2021-07-10,8693
491,2021-07-11,8691
492,2021-07-12,8691
493,2021-07-13,8691
494,2021-07-14,8691
495,2021-07-15,8691
496,2021-07-16,8692
497,2021-07-18,8693
498,2021-07-19,8692
499,2021-07-20,8692
500,2021-07-21,8692
501,2021-07-22,8692
502,2021-07-23,8693
503,2021-07-24,8693
504,2021-07-25,8693
505,2021-07-26,8693
506,2021-07-27,8693
507,2021-07-28,8693
508,2021-07-29,8693
509,2021-07-30,8693
510,2021-07-31,8693
511,2021-08-01,8692
512,2021-08-02,8692
513,2021-08-03,8691
514,2021-08-04,8691
515,2021-08-05,8691
516,2021-08-06,8691
517,2021-08-08,8690
518,2021-08-09,8690
519,2021-08-10,8690
520,2021-08-11,8690
521,2021-08-12,8690
522,2021-08-13,8688
523,2021-08-14,8688
524,2021-08-15,8688
525,2021-08-16,8688
526,2021-08-17,8688
527,2021-08-18,8687
528,2021-08-19,8687
529,2021-08-20,8687
530,2021-08-21,8687
531,2021-08-22,8685
532,2021-08-23,8686
533,2021-08-24,8686
534,2021-08-25,8686
535,2021-08-26,8686
536,2021-08-27,8686
537,2021-08-28,8687
538,2021-08-29,8687
539,2021-08-30,8686
540,2021-08-31,8685
541,2021-09-01,8685
542,2021-09-02,8683
543,2021-09-03,8683
544,2021-09-04,8683
545,2021-09-05,8682
546,2021-09-06,8682
547,2021-09-07,8682
548,2021-09-08,8681
549,2021-09-09,8681
550,2021-09-10,8680
551,2021-09-11,8680
552,2021-09-12,8680
553,2021-09-13,8680
554,2021-09-14,8680
555,2021-09-15,8678
556,2021-09-16,8678
557,2021-09-17,8678
558,2021-09-18,8678
559,2021-09-19,8678
560,2021-09-20,8678
561,2021-09-21,8678
562,2021-09-22,8678
563,2021-09-23,8677
564,2021-09-24,8677
565,2021-09-25,8677
566,2021-09-26,8677
567,2021-09-27,8676
568,2021-09-28,8676
569,2021-09-29,8675
570,2021-09-30,8675
571,2021-10-01,8675
572,2021-10-02,8675
573,2021-10-03,8675
574,2021-10-04,8675
575,2021-10-05,8675
576,2021-10-06,8674
577,2021-10-07,8674
578,2021-10-08,8674
579,2021-10-09,8674
580,2021-10-10,8674
581,2021-10-11,8674
582,2021-10-12,8672
583,2021-10-13,8672
584,2021-10-14,8672
585,2021-10-15,8672
586,2021-10-16,8672
587,2021-10-17,8671
588,2021-10-18,8671
589,2021-10-19,8671
590,2021-10-20,8671
591,2021-10-21,8671
592,2021-10-22,8670
593,2021-10-23,8670
594,2021-10-24,8670
595,2021-10-25,8670
596,2021-10-26,8670
597,2021-10-27,8670
598,2021-10-28,8670
599,2021-10-29,8670
600,2021-10-30,8670
601,2021-10-31,8670
602,2021-11-01,8670
603,2021-11-02,8670
604,2021-11-03,8670
605,2021-11-04,8670
606,2021-11-05,8670
607,2021-11-06,8670
608,2021-11-07,8670
609,2021-11-08,8670
610,2021-11-09,8670
611,2021-11-10,8670
612,2021-11-11,8669
613,2021-11-12,8669
614,2021-11-13,8669
615,2021-11-14,8669
616,2021-11-15,8669
617,2021-11-16,8669
618,2021-11-17,8669
619,2021-11-18,8669
620,2021-11-19,8669
621,2021-11-20,8669
622,2021-11-21,8668
623,2021-11-22,8668
624,2021-11-23,8668
625,2021-11-24,8668
626,2021-11-25,8668
627,2021-11-26,8667
628,2021-11-27,8665
629,2021-11-28,8665
630,2021-11-29,8665
631,2021-11-30,8665
632,2021-12-01,8665
633,2021-12-02,8666
634,2021-12-03,8666
635,2021-12-05,8666
636,2021-12-06,8667
637,2021-12-07,8665
638,2021-12-08,8664
639,2021-12-09,8660
640,2021-12-10,8659
641,2021-12-11,8659
642,2021-12-12,8659
643,2021-12-13,8659
644,2021-12-14,8658
645,2021-12-15,8658
646,2021-12-16,8658
647,2021-12-17,8658
648,2021-12-18,8658
649,2021-12-19,8658
650,2021-12-20,8658
651,2021-12-21,8658
652,2021-12-22,8658
653,2021-12-23,8658
654,2021-12-24,8657
655,2021-12-25,8657
656,2021-12-27,8656
657,2021-12-28,7967
658,2021-12-29,7966
659,2021-12-30,7966
660,2021-12-31,7967
661,2022-01-01,7965
662,2022-01-02,7964
663,2022-01-03,7963
664,2022-01-04,7962
665,2022-01-05,7962
666,2022-01-06,7961
667,2022-01-07,7960
668,2022-01-08,7959
669,2022-01-09,7958
670,2022-01-10,7958
671,2022-01-11,7955
672,2022-01-12,7948
673,2022-01-13,7948
674,2022-01-14,7948
675,2022-01-15,7946
676,2022-01-16,7946
677,2022-01-17,7945
678,2022-01-18,7944
679,2022-01-19,7943
680,2022-01-20,7943
681,2022-01-21,7942
682,2022-01-22,7942
683,2022-01-23,7941
684,2022-01-24,7941
685,2022-01-25,7938
686,2022-01-26,7935
687,2022-01-27,7934
688,2022-01-28,7934
689,2022-01-29,7934
690,2022-01-30,7934
691,2022-01-31,7934
692,2022-02-01,7934
693,2022-02-02,7933
694,2022-02-03,7933
695,2022-02-04,7931
696,2022-02-05,7931
697,2022-02-06,7930
698,2022-02-07,7930
699,2022-02-08,7930
700,2022-02-09,7930
701,2022-02-10,7927
702,2022-02-11,7927
703,2022-02-12,7927
704,2022-02-13,7927
705,2022-02-14,7927
706,2022-02-15,7927
707,2022-02-16,7927
708,2022-02-17,7926
709,2022-02-18,7926
710,2022-02-19,7926
711,2022-02-20,7926
712,2022-02-21,7925
713,2022-02-22,7925
714,2022-02-23,7923
715,2022-02-24,7923
716,2022-02-25,7923
717,2022-02-26,7922
718,2022-02-27,7921
719,2022-02-28,7920
720,2022-03-01,7919
721,2022-03-02,7918
722,2022-03-03,7918
723,2022-03-04,7918
724,2022-03-05,7917
725,2022-03-06,7917
726,2022-03-07,7917
727,2022-03-08,7917
728,2022-03-09,7917
729,2022-03-10,7917
730,2022-03-11,7916
731,2022-03-12,7916
732,2022-03-13,7916
733,2022-03-14,7915
734,2022-03-15,7915
735,2022-03-16,7913
736,2022-03-17,7913
737,2022-03-18,7913
738,2022-03-19,7913
739,2022-03-20,7913
740,2022-03-21,7913
741,2022-03-22,7913
742,2022-03-23,7912
743,2022-03-24,7912
744,2022-03-25,7912
745,2022-03-26,7911
746,2022-03-27,7911
747,2022-03-28,7911
748,2022-03-29,7911
749,2022-03-30,7911
750,2022-03-31,7911
751,2022-04-01,7911
752,2022-04-02,7911
753,2022-04-03,7911
754,2022-04-04,7911
755,2022-04-05,7911
756,2022-04-06,7911
757,2022-04-07,7910
758,2022-04-08,7910
759,2022-04-09,7910
760,2022-04-10,7910
761,2022-04-11,7908
762,2022-04-12,7906
763,2022-04-13,7906
764,2022-04-14,7905
765,2022-04-15,7905
766,2022-04-16,7904
767,2022-04-17,7901
768,2022-04-18,7901
769,2022-04-19,7900
770,2022-04-20,7898
771,2022-04-21,7898
772,2022-04-22,7898
773,2022-04-23,7897
774,2022-04-24,7894
775,2022-04-25,7894
776,2022-04-26,7893
777,2022-04-27,7892
778,2022-04-28,7890
779,2022-04-29,7888
780,2022-04-30,7887
781,2022-05-01,7886
782,2022-05-02,7885
783,2022-05-03,7885
784,2022-05-04,7885
785,2022-05-05,7884
786,2022-05-06,7882
787,2022-05-07,7880
788,2022-05-08,7879
789,2022-05-09,7879
790,2022-05-10,7877
791,2022-05-11,7877
792,2022-05-12,7875
793,2022-05-13,7875
794,2022-05-14,7875
795,2022-05-15,7875
796,2022-05-16,7875
797,2022-05-17,7875
798,2022-05-18,7875
799,2022-05-19,7875
800,2022-05-20,7874
801,2022-05-21,7873
802,2022-05-22,7873
803,2022-05-23,7872
804,2022-05-24,7871
805,2022-05-25,7871
806,2022-05-26,7870
807,2022-05-27,7868
808,2022-05-28,7868
809,2022-05-29,7866
810,2022-05-30,8656
811,2022-05-31,8656
812,2022-06-01,9276
813,2022-06-02,9275
814,2022-06-03,9271
815,2022-06-04,9269
816,2022-06-05,9267
817,2022-06-06,9265
818,2022-06-07,9263
819,2022-06-08,9263
820,2022-06-09,9259
821,2022-06-10,9258
822,2022-06-11,9255
823,2022-06-12,9254
824,2022-06-13,9253
825,2022-06-14,9251
826,2022-06-15,9250
827,2022-06-16,9247
828,2022-06-17,9243
829,2022-06-18,9239
830,2022-06-19,9237
831,2022-06-20,9228
832,2022-06-21,9212
833,2022-06-22,9199
834,2022-06-23,9196
835,2022-06-24,9193
836,2022-06-25,9190
837,2022-06-26,9190
838,2022-06-27,9185
839,2022-06-28,9178
840,2022-06-29,9175
841,2022-06-30,9170
842,2022-07-01,12963
843,2022-07-02,12962
844,2022-07-03,12954
845,2022-07-04,12951
846,2022-07-05,12946
847,2022-07-06,12941
848,2022-07-07,12937
849,2022-07-08,12934
850,2022-07-09,12932
851,2022-07-10,12929
852,2022-07-11,12927
853,2022-07-12,12923
854,2022-07-13,12917
855,2022-07-14,12912
856,2022-07-15,12906
857,2022-07-16,12906
858,2022-07-17,12902
859,2022-07-18,12899
860,2022-07-19,12898
861,2022-07-20,12894
862,2022-07-21,12891
863,2022-07-22,12883
864,2022-07-23,12877
865,2022-07-24,12875
866,2022-07-25,12873
867,2022-07-26,12871
868,2022-07-27,12868
869,2022-07-28,12861
870,2022-07-29,12859
871,2022-07-30,12855
872,2022-07-31,12850
873,2022-08-01,24893
874,2022-08-02,24890
875,2022-08-03,24883
876,2022-08-04,24878
877,2022-08-05,24870
878,2022-08-06,24859
879,2022-08-07,24851
880,2022-08-08,24835
881,2022-08-09,24814
882,2022-08-10,24796
883,2022-08-11,24782
884,2022-08-12,24760
885,2022-08-13,24745
886,2022-08-14,24735
887,2022-08-15,24717
888,2022-08-16,24705
889,2022-08-17,24691
890,2022-08-18,24681
891,2022-08-19,24671
892,2022-08-20,24664
893,2022-08-21,24654
894,2022-08-22,24645
895,2022-08-23,24635
896,2022-08-24,24623
897,2022-08-25,24618
898,2022-08-26,24606
899,2022-08-27,24600
900,2022-08-28,24588
901,2022-08-29,24582
902,2022-08-30,24573
903,2022-08-31,27471
904,2022-09-01,47526
905,2022-09-02,47524
906,2022-09-03,47519
907,2022-09-04,47508
908,2022-09-05,47498
909,2022-09-06,47487
910,2022-09-07,47479
911,2022-09-08,47473
912,2022-09-09,47465
913,2022-09-10,47458
914,2022-09-11,47449
915,2022-09-12,47440
916,2022-09-13,47430
917,2022-09-14,47424
918,2022-09-15,47411
919,2022-09-16,47405
920,2022-09-17,47400
921,2022-09-18,47398
922,2022-09-19,47394
923,2022-09-20,47390
924,2022-09-21,47388
925,2022-09-22,47386
926,2022-09-23,47382
927,2022-09-24,47381
928,2022-09-25,47380
929,2022-09-26,47378
930,2022-09-27,47374
931,2022-09-28,47372
932,2022-09-29,47371
933,2022-09-30,47358
934,2022-10-01,61840
935,2022-10-02,61829
936,2022-10-03,61821
937,2022-10-04,61812
938,2022-10-05,61801
939,2022-10-06,61792
940,2022-10-07,61783
941,2022-10-08,61779
942,2022-10-09,61770
943,2022-10-10,61763
944,2022-10-11,61758
945,2022-10-12,61752
946,2022-10-13,61749
947,2022-10-14,61743
948,2022-10-15,61742
949,2022-10-16,61739
950,2022-10-17,61738
951,2022-10-18,61738
952,2022-10-19,61736
953,2022-10-20,61732
954,2022-10-21,61727
955,2022-10-22,61725
956,2022-10-23,61724
957,2022-10-24,61721
958,2022-10-25,61717
959,2022-10-26,61714
960,2022-10-27,61710
961,2022-10-28,61707
962,2022-10-29,61699
963,2022-10-30,61695
964,2022-10-31,61688
965,2022-11-01,80523
966,2022-11-02,80523
967,2022-11-03,80519
968,2022-11-04,80518
969,2022-11-05,80517
970,2022-11-06,80516
971,2022-11-07,80514
972,2022-11-08,80514
973,2022-11-09,80514
974,2022-11-10,80512
975,2022-11-11,80512
976,2022-11-12,80511
977,2022-11-13,80511
978,2022-11-14,80508
979,2022-11-15,80507
980,2022-11-16,80507
981,2022-11-17,80507
982,2022-11-18,80506
983,2022-11-19,80505
984,2022-11-20,80505
985,2022-11-21,80503
986,2022-11-22,80502
987,2022-11-23,80502
988,2022-11-24,80500
989,2022-11-25,80500
990,2022-11-26,80497
991,2022-11-27,80496
992,2022-11-28,80493
993,2022-11-29,80491
994,2022-11-30,80490
995,2022-12-01,80486
996,2022-12-02,80484
997,2022-12-03,80483
998,2022-12-04,80481
999,2022-12-05,80481
1000,2022-12-06,80478
1001,2022-12-07,80475
1002,2022-12-08,80473
1003,2022-12-09,80471
1004,2022-12-10,80470
1005,2022-12-11,80465
1006,2022-12-12,80464
1007,2022-12-13,80462
1008,2022-12-14,80461
1009,2022-12-15,80458
1010,2022-12-16,80459
1011,2022-12-17,80455
1012,2022-12-18,80454
1013,2022-12-19,80454
1014,2022-12-20,80452
1015,2022-12-21,80452
1016,2022-12-22,80451
1017,2022-12-23,80450
1018,2022-12-24,80447
1019,2022-12-25,80446
1020,2022-12-26,80443
1021,2022-12-27,80442
1022,2022-12-28,80441
1023,2022-12-29,80440
1024,2022-12-30,80438
1025,2022-12-31,80438
1026,2023-01-01,85401
1027,2023-01-02,85396
1028,2023-01-03,85393
1029,2023-01-04,85390
1030,2023-01-05,85389
1031,2023-01-06,85389
1032,2023-01-07,85389
1033,2023-01-08,85389
1034,2023-01-09,85389
1035,2023-01-10,85387
1036,2023-01-11,85387
1037,2023-01-12,85386
1038,2023-01-13,85385
1039,2023-01-14,85384
1040,2023-01-15,85383
1041,2023-01-16,85383
1042,2023-01-17,85384
1043,2023-01-18,85384
1044,2023-01-19,85384
1045,2023-01-20,85384
1046,2023-01-21,85384
1047,2023-01-22,85383
1048,2023-01-23,85383
1049,2023-01-24,85382
1050,2023-01-25,85382
1051,2023-01-26,85382
1052,2023-01-27,85383
1053,2023-01-28,85383
1054,2023-01-29,85383
1055,2023-01-30,85383
1056,2023-01-31,85380
1057,2023-02-01,88544
1058,2023-02-02,88541
1059,2023-02-03,88540
1060,2023-02-04,88540
1061,2023-02-05,88538
1062,2023-02-06,88536
1063,2023-02-07,88530
1064,2023-02-08,88525
1065,2023-02-09,88521
1066,2023-02-10,88519
1067,2023-02-11,88515
1068,2023-02-12,88513
1069,2023-02-13,88511
1070,2023-02-14,88506
1071,2023-02-15,88503
1072,2023-02-16,88501
1073,2023-02-17,88499
1074,2023-02-18,88498
1075,2023-02-19,88496
1076,2023-02-20,88496
1077,2023-02-21,88493
1078,2023-02-22,88489
1079,2023-02-23,88489
1080,2023-02-24,88489
1081,2023-02-25,88487
1082,2023-02-26,88486
1083,2023-02-27,88486
1084,2023-02-28,88486
1085,2023-03-01,92378
1086,2023-03-02,92375
1087,2023-03-03,92372
1088,2023-03-04,92370
1089,2023-03-05,92368
1090,2023-03-06,92365
1091,2023-03-07,92362
1092,2023-03-08,92359
1093,2023-03-09,92358
1094,2023-03-10,92355
1095,2023-03-11,92354
1096,2023-03-12,92354
1097,2023-03-13,92348
1098,2023-03-14,92348
1099,2023-03-15,92347
1100,2023-03-16,92344
1101,2023-03-17,92344
1102,2023-03-18,92345
1103,2023-03-19,92345
1104,2023-03-20,92345
1105,2023-03-21,92343
1106,2023-03-22,92341
1107,2023-03-23,92341
1108,2023-03-24,92341
1109,2023-03-25,92341
1110,2023-03-26,92340
1111,2023-03-27,92338
1112,2023-03-28,92337
1113,2023-03-29,92337
1114,2023-03-30,92337
1115,2023-03-31,92336
1116,2023-04-01,105302
1117,2023-04-02,105339
1118,2023-04-03,105365
1119,2023-04-04,105394
1120,2023-04-05,105418
1121,2023-04-06,105423
1122,2023-04-07,105437
1123,2023-04-08,105444
1124,2023-04-09,105457
1125,2023-04-10,105472
1126,2023-04-11,105491
1127,2023-04-12,105510
1128,2023-04-13,105528
1129,2023-04-14,105549
1130,2023-04-15,105659
1131,2023-04-16,105663
1132,2023-04-17,105668
1133,2023-04-18,105674
1134,2023-04-19,105681
1135,2023-04-20,105696
1136,2023-04-21,105712
1137,2023-04-22,105725
1138,2023-04-23,105738
1139,2023-04-24,105747
1140,2023-04-25,105752
1141,2023-04-26,105761
1142,2023-04-27,105769
1143,2023-04-28,105784
1144,2023-04-29,105791
1145,2023-04-30,105797
1146,2023-05-01,105806
1147,2023-05-02,105815
1148,2023-05-03,105819
1149,2023-05-04,105823
1150,2023-05-05,105827
1151,2023-05-06,105830
1152,2023-05-07,105841
1153,2023-05-08,105847
1154,2023-05-09,105870
1155,2023-05-10,105872
1156,2023-05-11,105878
1157,2023-05-12,105885
1158,2023-05-13,105895
1159,2023-05-14,105905
1160,2023-05-15,105914
1161,2023-05-16,105925
1162,2023-05-17,105935
1163,2023-05-18,105945
1164,2023-05-19,105955
1165,2023-05-20,105962
1166,2023-05-21,105968
1167,2023-05-22,105976
1168,2023-05-23,105977
1169,2023-05-24,105979
1170,2023-05-25,105984
1171,2023-05-26,105987
1172,2023-05-27,105989
1173,2023-05-28,105990
1174,2023-05-29,106000
1175,2023-05-30,106006
1176,2023-05-31,106014
1177,2023-06-01,106014
1178,2023-06-02,106021
1179,2023-06-03,106024
1180,2023-06-04,106030
1181,2023-06-05,106036
1182,2023-06-06,106042
1183,2023-06-07,106047
1184,2023-06-08,106056
1185,2023-06-09,106062
1186,2023-06-10,106065
1187,2023-06-11,106075
1188,2023-06-14,106107
1189,2023-06-15,106111
1190,2023-06-16,106115
1191,2023-06-17,106117
1192,2023-06-18,106118
1193,2023-06-19,106123
1194,2023-06-20,106126
1195,2023-06-21,106131
1196,2023-06-22,105640
1197,2023-06-23,105841
1198,2023-06-24,106134
1199,2023-06-25,106140
1200,2023-06-26,106330
1201,2023-06-27,106473
1202,2023-06-28,106727
1203,2023-06-29,106826
1204,2023-06-30,107013
1205,2023-07-01,109040
1206,2023-07-02,109062
1207,2023-07-03,107575
1208,2023-07-04,109373
1209,2023-07-05,109486
1210,2023-07-06,108171
1211,2023-07-07,109727
1212,2023-07-08,108379
1213,2023-07-09,108498
1214,2023-07-10,109952
1215,2023-07-11,108845
1216,2023-07-12,109129
1217,2023-07-13,109177
1218,2023-07-14,109399
1219,2023-07-15,109710
1220,2023-07-16,109751
1221,2023-07-17,110009
1222,2023-07-18,110296
1223,2023-07-19,110316
1224,2023-07-20,110478
1225,2023-07-21,110917
1226,2023-07-22,111121
1227,2023-07-23,111502
1228,2023-07-24,111550
1229,2023-07-25,111883
1230,2023-07-26,112006
1231,2023-07-27,112173
1232,2023-07-28,112350
1233,2023-07-29,112522
1234,2023-07-30,112635
1235,2023-07-31,112980
1236,2023-08-01,112969
1237,2023-08-02,113286
1238,2023-08-03,113382
1239,2023-08-04,113540
1240,2023-08-05,113634
1241,2023-08-06,113755
1242,2023-08-07,113976
1243,2023-08-08,114172
1244,2023-08-09,114227
1245,2023-08-10,114329
1246,2023-08-11,114643
1247,2023-08-12,114771
1248,2023-08-13,114978
1249,2023-08-14,115238
1250,2023-08-15,115430
1251,2023-08-16,115697
1252,2023-08-17,115699
1253,2023-08-18,116021
1254,2023-08-19,116237
1255,2023-08-20,116250
1256,2023-08-21,116512
1257,2023-08-22,116638
1258,2023-08-23,116916
1259,2023-08-24,121418
1260,2023-08-25,117219
1261,2023-08-26,117397
1262,2023-08-27,117535
1263,2023-08-28,117829
1264,2023-08-29,117961
1265,2023-08-30,118120
1266,2023-08-31,118336
1267,2023-09-01,118719
1268,2023-09-02,118824
1269,2023-09-03,119129
1270,2023-09-04,119418
1271,2023-09-05,119418
1272,2023-09-06,119686
1273,2023-09-07,119871
1274,2023-09-08,120222
1275,2023-09-09,120367
1276,2023-09-10,120454
1277,2023-09-11,120814
1278,2023-09-12,120836
1279,2023-09-13,121018
1280,2023-09-14,121376
1281,2023-09-15,121425
1282,2023-09-16,121625
1283,2023-09-17,121806
1284,2023-09-18,121953
1285,2023-09-19,122354
1286,2023-09-20,122392
1287,2023-09-21,122680
1288,2023-09-22,122759
1289,2023-09-23,122957
1290,2023-09-24,123256
1291,2023-09-25,123359
1292,2023-09-26,123613
1293,2023-09-27,123658
1294,2023-09-28,123892
1295,2023-09-29,124026
1296,2023-09-30,124121
1297,2023-10-01,124273
1298,2023-10-02,124548
1299,2023-10-03,124658
1300,2023-10-04,124932
1301,2023-10-05,124961
1302,2023-10-06,125142
1303,2023-10-07,125439
1304,2023-10-08,125441
1305,2023-10-09,125578
1306,2023-10-10,125870
1307,2023-10-11,126104
1308,2023-10-12,126113
1309,2023-10-13,126258
1310,2023-10-14,126422
1311,2023-10-15,126649
1312,2023-10-16,126834
1313,2023-10-17,127110
1314,2023-10-18,127171
1315,2023-10-19,127369
1316,2023-10-20,127480
1317,2023-10-21,127632
1318,2023-10-22,127763
1319,2023-10-23,127923
1320,2023-10-24,128201
1321,2023-10-25,128435
1322,2023-10-26,128529
1323,2023-10-27,128662
1324,2023-10-28,128892
1325,2023-10-29,128906
1326,2023-10-30,129132
1327,2023-10-31,129337
1328,2023-11-01,129400
1329,2023-11-02,129665
1330,2023-11-03,130015
1331,2023-11-04,130038
1332,2023-11-05,130211
1333,2023-11-06,130565
1334,2023-11-07,130739
1335,2023-11-08,130800
1336,2023-11-09,131174
1337,2023-11-10,131536
1338,2023-11-11,132104
1339,2023-11-12,132112
1340,2023-11-13,132466
1341,2023-11-14,132792
1342,2023-11-15,132949
1343,2023-11-16,133095
1344,2023-11-17,133179
1345,2023-11-18,133372
1346,2023-11-19,133547
1347,2023-11-20,133781
1348,2023-11-21,134325
1349,2023-11-22,134604
1350,2023-11-23,134742
1351,2023-11-24,134926
1352,2023-11-25,135525
1353,2023-11-26,135567
1354,2023-11-27,135963
1355,2023-11-28,136228
1356,2023-11-29,136576
1357,2023-11-30,136608
1358,2023-12-01,136862
1359,2023-12-02,137116
1360,2023-12-03,137383
1361,2023-12-04,137636
1362,2023-12-05,137877
1363,2023-12-06,138314
1364,2023-12-07,138340
1365,2023-12-08,138829
1366,2023-12-09,138818
1367,2023-12-10,139035
1368,2023-12-11,139333
1369,2023-12-12,139455
1370,2023-12-13,139677
1371,2023-12-14,140013
1372,2023-12-15,140071
1373,2023-12-16,140250
1374,2023-12-17,140441
1375,2023-12-18,140662
1376,2023-12-19,141050
1377,2023-12-20,141298
1378,2023-12-21,141410
1379,2023-12-22,141740
1380,2023-12-23,141841
1381,2023-12-24,141971
1382,2023-12-25,142259
1383,2023-12-26,142651
1384,2023-12-27,142774
1385,2023-12-28,143086
1386,2023-12-29,143347
1387,2023-12-30,143689
1388,2023-12-31,143929
1389,2024-01-01,144291
1390,2024-01-02,144735
1391,2024-01-03,145095
1392,2024-01-04,145293
1393,2024-01-05,145566
1394,2024-01-06,145541
1395,2024-01-07,145833
1396,2024-01-08,146244
1397,2024-01-09,146689
1398,2024-01-10,146905
1399,2024-01-11,147040
1400,2024-01-12,147252
1401,2024-01-13,147729
1402,2024-01-14,147921
1403,2024-01-15,147996
1404,2024-01-16,148501
1405,2024-01-17,148533
1406,2024-01-18,148782
1407,2024-01-19,149031
1408,2024-01-20,149128
1409,2024-01-21,149414
1410,2024-01-22,149624
1411,2024-01-23,150058
1412,2024-01-24,150226
1413,2024-01-25,150653
1414,2024-01-26,150783
1415,2024-01-27,151102
1416,2024-01-28,151394
1417,2024-01-29,151672
1418,2024-01-30,151975
1419,2024-01-31,152262
1420,2024-02-01,152507
1421,2024-02-02,152755
1422,2024-02-03,152986
1423,2024-02-04,153231
1424,2024-02-05,153468
1425,2024-02-06,153719
1426,2024-02-07,153968
1427,2024-02-08,154199
1428,2024-02-09,154427
1429,2024-02-10,154651
1430,2024-02-11,154892
1431,2024-02-12,155131
1432,2024-02-13,155430
1433,2024-02-14,155613
1434,2024-02-15,155856
1435,2024-02-16,155889
1436,2024-02-17,156100
1437,2024-02-18,156366
1438,2024-02-19,156629
1439,2024-02-20,156956
1440,2024-02-21,157194
1441,2024-02-22,157499
1442,2024-02-23,157748
1443,2024-02-24,157998
1444,2024-02-25,158281
1445,2024-02-26,158528
1446,2024-02-27,158757
1447,2024-02-28,158967
1448,2024-02-29,159182
1449,2024-03-01,159357
1450,2024-03-02,159598
1451,2024-03-03,159836
1452,2024-03-04,160082
1453,2024-03-05,160562
1454,2024-03-06,160650
1455,2024-03-07,160920
1456,2024-03-08,161182
1457,2024-03-09,161378
1458,2024-03-10,161612
1459,2024-03-11,161870
1460,2024-03-12,162085
1461,2024-03-13,162307
1462,2024-03-14,162543
1463,2024-03-15,162741
1464,2024-03-16,162967
1465,2024-03-17,163171
1466,2024-03-18,163368
1467,2024-03-19,163607
1468,2024-03-20,163790
1469,2024-03-21,164017
1470,2024-03-22,164258
1471,2024-03-23,164405
1472,2024-03-24,164718
1473,2024-03-25,164958
1474,2024-03-26,165183
1475,2024-03-27,165354
1476,2024-03-28,165576
1477,2024-03-29,165809
1478,2024-03-30,166036
1479,2024-03-31,166295
1480,2024-04-01,166727
1481,2024-04-02,166783
1482,2024-04-03,166980
1483,2024-04-04,167254
1484,2024-04-05,167490
1485,2024-04-06,167690
1486,2024-04-07,167913
1487,2024-04-08,168192
1488,2024-04-09,168472
1489,2024-04-10,168742
1490,2024-04-11,168982
1491,2024-04-12,169217
1492,2024-04-13,169522
1493,2024-04-14,169795
1494,2024-04-15,170045
1495,2024-04-16,170321
1496,2024-04-17,170601
1497,2024-04-18,170879
1498,2024-04-19,171130
1499,2024-04-20,171389
1500,2024-04-21,171700
1501,2024-04-22,171994
1502,2024-04-23,172236
1503,2024-04-24,172535
1504,2024-04-25,172887
1505,2024-04-26,173122
1506,2024-04-27,173393
1507,2024-04-28,173656
1508,2024-04-29,173949
1509,2024-04-30,174256
1510,2024-05-01,174551
1511,2024-05-02,174817
1512,2024-05-03,175093
1513,2024-05-04,175306
1514,2024-05-05,175578
1515,2024-05-06,175804
1516,2024-05-07,176040
1517,2024-05-08,176345
1518,2024-05-09,176619
1519,2024-05-10,176892
1520,2024-05-11,177146
1521,2024-05-12,177426
1522,2024-05-13,177706
1523,2024-05-14,178003
1524,2024-05-15,178253
1525,2024-05-16,178550
1526,2024-05-17,178828
1527,2024-05-18,179158
1528,2024-05-19,179501
1529,2024-05-20,179867
1530,2024-05-21,180199
1531,2024-05-22,180639
1532,2024-05-23,180990
1533,2024-05-24,181360
1534,2024-05-25,181756
1535,2024-05-26,182104
1536,2024-05-27,182426
1537,2024-05-28,182819
1538,2024-05-29,183171
1539,2024-05-30,183561
1540,2024-05-31,184107
1541,2024-06-01,184699
1542,2024-06-02,185175
1543,2024-06-03,185631
1544,2024-06-04,186158
1545,2024-06-05,186694
1546,2024-06-06,187145
1547,2024-06-07,187601
1548,2024-06-08,188014
1549,2024-06-09,188397
1550,2024-06-10,188821
1551,2024-06-11,189224
1552,2024-06-12,189620
1553,2024-06-13,190033
1554,2024-06-14,190370
1555,2024-06-15,190715
1556,2024-06-16,191075
1557,2024-06-17,191511
1558,2024-06-18,191943
1559,2024-06-19,192300
1560,2024-06-20,192685
1561,2024-06-21,193048
1562,2024-06-22,193388
1563,2024-06-23,193743
1564,2024-06-24,194126
1565,2024-06-25,194501
1566,2024-06-26,194878
1567,2024-06-27,195296
1568,2024-06-28,195614
1569,2024-06-29,195977
1570,2024-06-30,196375
1571,2024-07-01,196753
1572,2024-07-02,197123
1573,2024-07-03,197497
1574,2024-07-04,197905
1575,2024-07-05,198263
1576,2024-07-06,198602
1577,2024-07-07,198949
1578,2024-07-08,199341
1579,2024-07-09,199805
1580,2024-07-10,200197
1581,2024-07-11,200620
1582,2024-07-12,200985
1583,2024-07-13,201320
1584,2024-07-14,201646
1585,2024-07-15,202072
1586,2024-07-16,202555
1587,2024-07-17,202945
1588,2024-07-18,203296
1589,2024-07-19,203694
1590,2024-07-20,204023
1591,2024-07-21,204383
1592,2024-07-22,204728
1593,2024-07-23,205217
1594,2024-07-24,205645
1595,2024-07-25,206019
1596,2024-07-26,206456
1597,2024-07-27,206760
1598,2024-07-28,207134
1599,2024-07-29,207519
1600,2024-07-30,207894
1601,2024-07-31,208249
1602,2024-08-01,208627
1603,2024-08-02,209038
1604,2024-08-03,209539
1605,2024-08-04,209894
1606,2024-08-05,210237
1607,2024-08-06,210577
1608,2024-08-07,210992
1609,2024-08-08,211337
1610,2024-08-09,211681
1611,2024-08-10,212013
1612,2024-08-11,212386
1613,2024-08-12,212794
1614,2024-08-13,213169
1615,2024-08-14,213435
1616,2024-08-15,214005
1617,2024-08-16,214172
1618,2024-08-17,214488
1619,2024-08-18,214834
1620,2024-08-19,215206
1621,2024-08-20,215543
1622,2024-08-21,215937
1623,2024-08-22,216340
1624,2024-08-23,216726
1625,2024-08-24,217097
1626,2024-08-25,217501
1627,2024-08-26,217911
1628,2024-08-27,218298
1629,2024-08-28,218728
1630,2024-08-29,219048
1631,2024-08-30,219497
1632,2024-08-31,219712
1633,2024-09-01,220017
1634,2024-09-02,220385
1635,2024-09-03,220789
1636,2024-09-04,221117
1637,2024-09-05,221535
1638,2024-09-06,221919
1639,2024-09-07,222263
1640,2024-09-08,222673
1641,2024-09-09,222980
1642,2024-09-10,223345
1643,2024-09-11,223918
1644,2024-09-12,223947
1645,2024-09-13,224200
1646,2024-09-14,224478
1647,2024-09-15,224696
1648,2024-09-16,225065
1649,2024-09-17,225319
1650,2024-09-18,225579
1651,2024-09-19,225829
1652,2024-09-20,226245
1653,2024-09-21,226327
1654,2024-09-22,226608
1655,2024-09-23,227148
1656,2024-09-24,227175
1657,2024-09-25,227382
1658,2024-09-26,227634
1659,2024-09-27,227931
1660,2024-09-28,228088
1661,2024-09-29,228323
1662,2024-09-30,228595
1663,2024-10-01,228840
1664,2024-10-02,229075
1665,2024-10-03,229267
1666,2024-10-04,229504
1667,2024-10-05,229781
1668,2024-10-06,230012
1669,2024-10-07,230219
1670,2024-10-08,230462
1671,2024-10-09,230719
1672,2024-10-10,230956
1673,2024-10-11,231192
1674,2024-10-12,231421
1675,2024-10-13,231658
1676,2024-10-14,231874
1677,2024-10-15,232083
1678,2024-10-16,232295
1679,2024-10-17,232600
1680,2024-10-18,232844
1681,2024-10-19,233034
1682,2024-10-20,233305
1683,2024-10-21,233544
1684,2024-10-22,233786
1685,2024-10-23,234026
1686,2024-10-24,234251
1687,2024-10-25,234501
1688,2024-10-26,234740
1689,2024-10-27,235110
1690,2024-10-28,235181
1691,2024-10-29,235419
1692,2024-10-30,235639
1693,2024-10-31,235980
1694,2024-11-01,236045
1695,2024-11-02,236288
1696,2024-11-03,236512
1697,2024-11-04,236748
1698,2024-11-05,237016
1699,2024-11-06,237214
1700,2024-11-07,237662
1701,2024-11-08,237802
1702,2024-11-09,238075
1703,2024-11-10,238306
1704,2024-11-11,238755
1705,2024-11-12,238891
1706,2024-11-13,239180
1707,2024-11-14,239458
1708,2024-11-15,239756
1709,2024-11-16,240017
1710,2024-11-17,240262
1711,2024-11-18,240482
1712,2024-11-19,240742
1713,2024-11-20,240956
1714,2024-11-21,241399
1715,2024-11-22,241549
1716,2024-11-23,241733
1717,2024-11-24,241928
1718,2024-11-25,242331
1719,2024-11-26,242924
1720,2024-11-27,242978
1721,2024-11-28,243276
1722,2024-11-29,243527
1723,2024-11-30,243876
1724,2024-12-01,244164
1725,2024-12-02,244486
1726,2024-12-03,244694
1727,2024-12-04,245455
1728,2024-12-05,245636
1729,2024-12-06,245679
1730,2024-12-07,246025
1731,2024-12-08,246295
1732,2024-12-09,246534
1733,2024-12-10,246811
1734,2024-12-11,247026
1735,2024-12-12,247343
1736,2024-12-13,247538
1737,2024-12-14,247620
1738,2024-12-15,247759
1739,2024-12-16,248289
1740,2024-12-17,248306
1741,2024-12-18,248506
1742,2024-12-19,248683
1743,2024-12-20,248818
1744,2024-12-21,248950
1745,2024-12-22,249215
1746,2024-12-23,249373
1747,2024-12-24,249567
1748,2024-12-25,249671
1749,2024-12-26,249949
1750,2024-12-27,250135
1751,2024-12-28,250291
1752,2024-12-29,250619
1753,2024-12-30,250732
1754,2024-12-31,250879
